Province to,Province from,Population group,Sex,Age group,Absolute flow
1,2,1,1,1,3130.75
1,3,1,1,1,143.817
1,4,1,1,1,50.3913
1,5,1,1,1,160.285
1,6,1,1,1,20.3813
1,7,1,1,1,440.417
1,8,1,1,1,1.75054
1,9,1,1,1,0
1,2,1,1,2,16532.8
1,3,1,1,2,355.47
1,4,1,1,2,647.88
1,5,1,1,2,580.083
1,6,1,1,2,340.305
1,7,1,1,2,3154.66
1,8,1,1,2,587.706
1,9,1,1,2,272.955
1,2,1,1,3,3042.41
1,3,1,1,3,101.798
1,4,1,1,3,161.091
1,5,1,1,3,317.362
1,6,1,1,3,82.6891
1,7,1,1,3,1398.15
1,8,1,1,3,210.771
1,9,1,1,3,204.17
1,2,1,1,4,331.7
1,3,1,1,4,0
1,4,1,1,4,0
1,5,1,1,4,0
1,6,1,1,4,18.4785
1,7,1,1,4,34.3741
1,8,1,1,4,0
1,9,1,1,4,16.3314
1,2,1,2,1,3580.7
1,3,1,2,1,64.1715
1,4,1,2,1,98.6024
1,5,1,2,1,153.464
1,6,1,2,1,180.742
1,7,1,2,1,603.491
1,8,1,2,1,63.3252
1,9,1,2,1,36.886
1,2,1,2,2,17015.1
1,3,1,2,2,414.91
1,4,1,2,2,376.593
1,5,1,2,2,704.259
1,6,1,2,2,230.093
1,7,1,2,2,2190.35
1,8,1,2,2,386.489
1,9,1,2,2,266.194
1,2,1,2,3,3116.09
1,3,1,2,3,34.6023
1,4,1,2,3,83.4199
1,5,1,2,3,221.955
1,6,1,2,3,74.3638
1,7,1,2,3,658.246
1,8,1,2,3,137.262
1,9,1,2,3,36.3896
1,2,1,2,4,1251.72
1,3,1,2,4,0
1,4,1,2,4,0
1,5,1,2,4,0
1,6,1,2,4,0
1,7,1,2,4,10.9604
1,8,1,2,4,0
1,9,1,2,4,0
2,1,1,1,1,4572.59
2,3,1,1,1,0
2,4,1,1,1,253.656
2,5,1,1,1,1066.71
2,6,1,1,1,297.765
2,7,1,1,1,2031.6
2,8,1,1,1,193.648
2,9,1,1,1,14.4673
2,1,1,1,2,6876.83
2,3,1,1,2,137.498
2,4,1,1,2,772.795
2,5,1,1,2,3219.98
2,6,1,1,2,717.268
2,7,1,1,2,5734.49
2,8,1,1,2,528.778
2,9,1,1,2,357.351
2,1,1,1,3,3152.94
2,3,1,1,3,52.6291
2,4,1,1,3,282.855
2,5,1,1,3,949.594
2,6,1,1,3,426.649
2,7,1,1,3,2247.58
2,8,1,1,3,202.839
2,9,1,1,3,72.3732
2,1,1,1,4,703.072
2,3,1,1,4,10.4687
2,4,1,1,4,107.891
2,5,1,1,4,168.617
2,6,1,1,4,90.6499
2,7,1,1,4,661.928
2,8,1,1,4,92.5322
2,9,1,1,4,32.0583
2,1,1,2,1,4244.58
2,3,1,2,1,0
2,4,1,2,1,123.47
2,5,1,2,1,1148.54
2,6,1,2,1,219.281
2,7,1,2,1,2179.58
2,8,1,2,1,126.409
2,9,1,2,1,0
2,1,1,2,2,6400.93
2,3,1,2,2,161.653
2,4,1,2,2,719.786
2,5,1,2,2,3241.28
2,6,1,2,2,737.441
2,7,1,2,2,4109.65
2,8,1,2,2,429.168
2,9,1,2,2,212.342
2,1,1,2,3,2151.12
2,3,1,2,3,37.5035
2,4,1,2,3,222.536
2,5,1,2,3,852.541
2,6,1,2,3,165.526
2,7,1,2,3,1506.96
2,8,1,2,3,66.8783
2,9,1,2,3,23.2716
2,1,1,2,4,379.73
2,3,1,2,4,7.84754
2,4,1,2,4,10.603
2,5,1,2,4,212.864
2,6,1,2,4,0
2,7,1,2,4,442.913
2,8,1,2,4,12.8448
2,9,1,2,4,0
3,1,1,1,1,112.995
3,2,1,1,1,41.1395
3,4,1,1,1,218.49
3,5,1,1,1,53.4026
3,6,1,1,1,602.764
3,7,1,1,1,209.752
3,8,1,1,1,19.7792
3,9,1,1,1,39.0846
3,1,1,1,2,338.398
3,2,1,1,2,985.142
3,4,1,1,2,956.776
3,5,1,1,2,147.871
3,6,1,1,2,2932.98
3,7,1,1,2,1009.2
3,8,1,1,2,147.772
3,9,1,1,2,237.218
3,1,1,1,3,303.832
3,2,1,1,3,205.664
3,4,1,1,3,408.276
3,5,1,1,3,20.4403
3,6,1,1,3,649.551
3,7,1,1,3,528.412
3,8,1,1,3,51.7871
3,9,1,1,3,148.482
3,1,1,1,4,0
3,2,1,1,4,40.4956
3,4,1,1,4,42.2119
3,5,1,1,4,35.496
3,6,1,1,4,94.4942
3,7,1,1,4,14.8083
3,8,1,1,4,3.92422
3,9,1,1,4,0
3,1,1,2,1,163.793
3,2,1,2,1,74.5016
3,4,1,2,1,140.997
3,5,1,2,1,26.6778
3,6,1,2,1,266.681
3,7,1,2,1,221.911
3,8,1,2,1,54.0757
3,9,1,2,1,14.0805
3,1,1,2,2,182.408
3,2,1,2,2,265.909
3,4,1,2,2,464.74
3,5,1,2,2,43.6609
3,6,1,2,2,2117.93
3,7,1,2,2,568.883
3,8,1,2,2,76.852
3,9,1,2,2,200.811
3,1,1,2,3,172.076
3,2,1,2,3,84.9712
3,4,1,2,3,135.683
3,5,1,2,3,69.4378
3,6,1,2,3,459.268
3,7,1,2,3,147.918
3,8,1,2,3,71.5947
3,9,1,2,3,50.8388
3,1,1,2,4,11.765
3,2,1,2,4,0
3,4,1,2,4,16.9321
3,5,1,2,4,0
3,6,1,2,4,18.1232
3,7,1,2,4,40.8859
3,8,1,2,4,0
3,9,1,2,4,0
4,1,1,1,1,100.896
4,2,1,1,1,192.765
4,3,1,1,1,70.7195
4,5,1,1,1,109.179
4,6,1,1,1,220.084
4,7,1,1,1,1024.47
4,8,1,1,1,144.461
4,9,1,1,1,60.5548
4,1,1,1,2,143.901
4,2,1,1,2,1012.6
4,3,1,1,2,393.464
4,5,1,1,2,1227.41
4,6,1,1,2,1467.81
4,7,1,1,2,3471.11
4,8,1,1,2,554.555
4,9,1,1,2,571.83
4,1,1,1,3,94.4001
4,2,1,1,3,294.26
4,3,1,1,3,198.282
4,5,1,1,3,333.515
4,6,1,1,3,476.069
4,7,1,1,3,1607.46
4,8,1,1,3,74.3737
4,9,1,1,3,321.831
4,1,1,1,4,15.9499
4,2,1,1,4,11.5753
4,3,1,1,4,0
4,5,1,1,4,0
4,6,1,1,4,22.3848
4,7,1,1,4,164.191
4,8,1,1,4,16.051
4,9,1,1,4,38.9775
4,1,1,2,1,54.0163
4,2,1,2,1,240.927
4,3,1,2,1,69.0031
4,5,1,2,1,143.734
4,6,1,2,1,295.051
4,7,1,2,1,1194.22
4,8,1,2,1,99.9554
4,9,1,2,1,105.443
4,1,1,2,2,106.529
4,2,1,2,2,1465.62
4,3,1,2,2,564.844
4,5,1,2,2,933.643
4,6,1,2,2,960.232
4,7,1,2,2,3096.56
4,8,1,2,2,690.281
4,9,1,2,2,379.349
4,1,1,2,3,71.9246
4,2,1,2,3,299.021
4,3,1,2,3,35.4618
4,5,1,2,3,107.457
4,6,1,2,3,243.563
4,7,1,2,3,1252.48
4,8,1,2,3,78.9394
4,9,1,2,3,123.479
4,1,1,2,4,11.1602
4,2,1,2,4,37.8222
4,3,1,2,4,0
4,5,1,2,4,11.1313
4,6,1,2,4,10.4347
4,7,1,2,4,301.363
4,8,1,2,4,0
4,9,1,2,4,0
5,1,1,1,1,42.0785
5,2,1,1,1,1250.58
5,3,1,1,1,68.9562
5,4,1,1,1,140.368
5,6,1,1,1,58.798
5,7,1,1,1,1886.15
5,8,1,1,1,339.655
5,9,1,1,1,13.6627
5,1,1,1,2,294.107
5,2,1,1,2,7502.56
5,3,1,1,2,32.5196
5,4,1,1,2,400.362
5,6,1,1,2,163.354
5,7,1,1,2,4481.72
5,8,1,1,2,979.962
5,9,1,1,2,265.343
5,1,1,1,3,100.917
5,2,1,1,3,1113.5
5,3,1,1,3,19.4317
5,4,1,1,3,182.009
5,6,1,1,3,131.765
5,7,1,1,3,2585.58
5,8,1,1,3,347.235
5,9,1,1,3,227.788
5,1,1,1,4,0
5,2,1,1,4,110.422
5,3,1,1,4,0
5,4,1,1,4,4.43862
5,6,1,1,4,12.9811
5,7,1,1,4,337.729
5,8,1,1,4,78.3656
5,9,1,1,4,0
5,1,1,2,1,46.3759
5,2,1,2,1,1281.72
5,3,1,2,1,0
5,4,1,2,1,119.938
5,6,1,2,1,100.277
5,7,1,2,1,2030.76
5,8,1,2,1,310.291
5,9,1,2,1,100.761
5,1,1,2,2,316.84
5,2,1,2,2,8831.31
5,3,1,2,2,45.6448
5,4,1,2,2,595.726
5,6,1,2,2,134.77
5,7,1,2,2,3032.66
5,8,1,2,2,1015.73
5,9,1,2,2,202.062
5,1,1,2,3,68.0326
5,2,1,2,3,1248.56
5,3,1,2,3,13.0334
5,4,1,2,3,66.0325
5,6,1,2,3,58.9816
5,7,1,2,3,1536.67
5,8,1,2,3,244.198
5,9,1,2,3,89.4729
5,1,1,2,4,0
5,2,1,2,4,46.9772
5,3,1,2,4,0
5,4,1,2,4,0
5,6,1,2,4,0
5,7,1,2,4,251.5
5,8,1,2,4,20.7699
5,9,1,2,4,0
6,1,1,1,1,55.1752
6,2,1,1,1,447.218
6,3,1,1,1,349.491
6,4,1,1,1,492.799
6,5,1,1,1,143.432
6,7,1,1,1,3035.49
6,8,1,1,1,314.959
6,9,1,1,1,791.739
6,1,1,1,2,195.119
6,2,1,1,2,2873.15
6,3,1,1,2,890.089
6,4,1,1,2,1517.65
6,5,1,1,2,672.554
6,7,1,1,2,8398.34
6,8,1,1,2,1374.08
6,9,1,1,2,3186.79
6,1,1,1,3,151.848
6,2,1,1,3,826.113
6,3,1,1,3,269.654
6,4,1,1,3,1092.75
6,5,1,1,3,130.133
6,7,1,1,3,5583.82
6,8,1,1,3,497.023
6,9,1,1,3,1436.71
6,1,1,1,4,0
6,2,1,1,4,24.6864
6,3,1,1,4,50.3787
6,4,1,1,4,85.6345
6,5,1,1,4,13.5033
6,7,1,1,4,699.071
6,8,1,1,4,49.5206
6,9,1,1,4,23.5357
6,1,1,2,1,77.801
6,2,1,2,1,441.608
6,3,1,2,1,368.198
6,4,1,2,1,565.706
6,5,1,2,1,46.9498
6,7,1,2,1,3213.68
6,8,1,2,1,231.511
6,9,1,2,1,549.863
6,1,1,2,2,223.635
6,2,1,2,2,2985.56
6,3,1,2,2,949.512
6,4,1,2,2,1855.01
6,5,1,2,2,322.368
6,7,1,2,2,7190.51
6,8,1,2,2,826.539
6,9,1,2,2,2340.92
6,1,1,2,3,13.5809
6,2,1,2,3,443.917
6,3,1,2,3,327.533
6,4,1,2,3,528.865
6,5,1,2,3,93.5303
6,7,1,2,3,3188.06
6,8,1,2,3,383.442
6,9,1,2,3,715.52
6,1,1,2,4,0
6,2,1,2,4,7.49887
6,3,1,2,4,27.8038
6,4,1,2,4,23.311
6,5,1,2,4,0
6,7,1,2,4,828.325
6,8,1,2,4,19.7675
6,9,1,2,4,84.4664
7,1,1,1,1,462.399
7,2,1,1,1,2053.48
7,3,1,1,1,119.226
7,4,1,1,1,1130.12
7,5,1,1,1,3266.7
7,6,1,1,1,1948.61
7,8,1,1,1,2220.22
7,9,1,1,1,5039
7,1,1,1,2,1359.23
7,2,1,1,2,8865.88
7,3,1,1,2,694.156
7,4,1,1,2,4982.97
7,5,1,1,2,16951.9
7,6,1,1,2,7825.26
7,8,1,1,2,11186.1
7,9,1,1,2,33131.5
7,1,1,1,3,1040.61
7,2,1,1,3,2038.56
7,3,1,1,3,397.51
7,4,1,1,3,2056.33
7,5,1,1,3,3218.85
7,6,1,1,3,3943.47
7,8,1,1,3,4297.76
7,9,1,1,3,5995.47
7,1,1,1,4,18.1499
7,2,1,1,4,141.335
7,3,1,1,4,18.7701
7,4,1,1,4,61.7967
7,5,1,1,4,269.79
7,6,1,1,4,134.513
7,8,1,1,4,234.639
7,9,1,1,4,164.813
7,1,1,2,1,514.947
7,2,1,2,1,2270.64
7,3,1,2,1,129.631
7,4,1,2,1,1193.6
7,5,1,2,1,2575.18
7,6,1,2,1,2779.33
7,8,1,2,1,2787.61
7,9,1,2,1,4910.93
7,1,1,2,2,1786.23
7,2,1,2,2,11005.8
7,3,1,2,2,560.916
7,4,1,2,2,6346.92
7,5,1,2,2,14142.9
7,6,1,2,2,9930.74
7,8,1,2,2,11523.8
7,9,1,2,2,33250.6
7,1,1,2,3,727.761
7,2,1,2,3,2372.52
7,3,1,2,3,209.301
7,4,1,2,3,1988.54
7,5,1,2,3,2980.47
7,6,1,2,3,3242.63
7,8,1,2,3,2912.21
7,9,1,2,3,5282.16
7,1,1,2,4,12.7467
7,2,1,2,4,396.04
7,3,1,2,4,37.9798
7,4,1,2,4,197.253
7,5,1,2,4,260.135
7,6,1,2,4,366.681
7,8,1,2,4,185.825
7,9,1,2,4,561.305
8,1,1,1,1,16.1986
8,2,1,1,1,182.527
8,3,1,1,1,13.4953
8,4,1,1,1,187.845
8,5,1,1,1,379.237
8,6,1,1,1,141.122
8,7,1,1,1,2232.83
8,9,1,1,1,753.355
8,1,1,1,2,120.015
8,2,1,1,2,1754.36
8,3,1,1,2,130.324
8,4,1,1,2,646.28
8,5,1,1,2,4138.35
8,6,1,1,2,387.363
8,7,1,1,2,6680.21
8,9,1,1,2,6266.56
8,1,1,1,3,41.816
8,2,1,1,3,281.178
8,3,1,1,3,15.401
8,4,1,1,3,189.018
8,5,1,1,3,1117.64
8,6,1,1,3,217.822
8,7,1,1,3,3325.02
8,9,1,1,3,1662.6
8,1,1,1,4,0
8,2,1,1,4,0
8,3,1,1,4,0
8,4,1,1,4,49.5116
8,5,1,1,4,26.4366
8,6,1,1,4,20.3538
8,7,1,1,4,372.809
8,9,1,1,4,109.716
8,1,1,2,1,11.9109
8,2,1,2,1,199.445
8,3,1,2,1,28.7723
8,4,1,2,1,75.4657
8,5,1,2,1,752.058
8,6,1,2,1,197.402
8,7,1,2,1,1887.63
8,9,1,2,1,666.179
8,1,1,2,2,52.3514
8,2,1,2,2,1169.88
8,3,1,2,2,182.001
8,4,1,2,2,604.801
8,5,1,2,2,2785.09
8,6,1,2,2,380.247
8,7,1,2,2,5165.54
8,9,1,2,2,4390.31
8,1,1,2,3,0
8,2,1,2,3,279.329
8,3,1,2,3,34.5771
8,4,1,2,3,125.463
8,5,1,2,3,443.347
8,6,1,2,3,136.736
8,7,1,2,3,2052.04
8,9,1,2,3,937.126
8,1,1,2,4,0
8,2,1,2,4,9.74301
8,3,1,2,4,0
8,4,1,2,4,31.9716
8,5,1,2,4,39.9467
8,6,1,2,4,11.9898
8,7,1,2,4,186.61
8,9,1,2,4,115.033
9,1,1,1,1,48.197
9,2,1,1,1,121.615
9,3,1,1,1,18.0566
9,4,1,1,1,75.1517
9,5,1,1,1,82.3622
9,6,1,1,1,640.587
9,7,1,1,1,3632.46
9,8,1,1,1,726.966
9,1,1,1,2,56.0142
9,2,1,1,2,1128.28
9,3,1,1,2,55.4061
9,4,1,1,2,370.501
9,5,1,1,2,296.135
9,6,1,1,2,2273.77
9,7,1,1,2,8087.69
9,8,1,1,2,2746.37
9,1,1,1,3,92.7272
9,2,1,1,3,291.098
9,3,1,1,3,7.32408
9,4,1,1,3,71.5837
9,5,1,1,3,119.516
9,6,1,1,3,1053.89
9,7,1,1,3,3787.11
9,8,1,1,3,1115.28
9,1,1,1,4,0
9,2,1,1,4,19.3715
9,3,1,1,4,0
9,4,1,1,4,22.7385
9,5,1,1,4,0
9,6,1,1,4,30.3037
9,7,1,1,4,1435.84
9,8,1,1,4,83.8516
9,1,1,2,1,35.1046
9,2,1,2,1,95.9886
9,3,1,2,1,0
9,4,1,2,1,156.506
9,5,1,2,1,182.705
9,6,1,2,1,454.388
9,7,1,2,1,3796.16
9,8,1,2,1,721.349
9,1,1,2,2,46.0637
9,2,1,2,2,729.717
9,3,1,2,2,46.0619
9,4,1,2,2,359.891
9,5,1,2,2,362.807
9,6,1,2,2,1612.56
9,7,1,2,2,7560.17
9,8,1,2,2,3079.95
9,1,1,2,3,47.4719
9,2,1,2,3,183.723
9,3,1,2,3,0
9,4,1,2,3,169.921
9,5,1,2,3,13.5887
9,6,1,2,3,497.201
9,7,1,2,3,3135.61
9,8,1,2,3,838.975
9,1,1,2,4,12.791
9,2,1,2,4,11.5775
9,3,1,2,4,8.47699
9,4,1,2,4,11.6662
9,5,1,2,4,18.0102
9,6,1,2,4,19.1067
9,7,1,2,4,755.363
9,8,1,2,4,97.0611
1,2,2,1,1,387.594
1,3,2,1,1,300.728
1,4,2,1,1,49.1738
1,5,2,1,1,67.5353
1,6,2,1,1,49.2961
1,7,2,1,1,482.914
1,8,2,1,1,51.6756
1,9,2,1,1,0
1,2,2,1,2,514.38
1,3,2,1,2,444.496
1,4,2,1,2,78.7521
1,5,2,1,2,47.0597
1,6,2,1,2,27.4751
1,7,2,1,2,537.788
1,8,2,1,2,91.235
1,9,2,1,2,0
1,2,2,1,3,544.687
1,3,2,1,3,393.909
1,4,2,1,3,35.4781
1,5,2,1,3,21.3124
1,6,2,1,3,19.6503
1,7,2,1,3,739.091
1,8,2,1,3,23.5516
1,9,2,1,3,25.3539
1,2,2,1,4,101.045
1,3,2,1,4,53.2945
1,4,2,1,4,0
1,5,2,1,4,0
1,6,2,1,4,0
1,7,2,1,4,91.6704
1,8,2,1,4,0
1,9,2,1,4,0
1,2,2,2,1,173.515
1,3,2,2,1,188.565
1,4,2,2,1,0
1,5,2,2,1,27.067
1,6,2,2,1,14.5205
1,7,2,2,1,475.641
1,8,2,2,1,49.41
1,9,2,2,1,20.9574
1,2,2,2,2,561.744
1,3,2,2,2,749.261
1,4,2,2,2,55.4045
1,5,2,2,2,270.84
1,6,2,2,2,15.3998
1,7,2,2,2,263.556
1,8,2,2,2,76.7667
1,9,2,2,2,62.9137
1,2,2,2,3,420.025
1,3,2,2,3,427.803
1,4,2,2,3,34.5312
1,5,2,2,3,0
1,6,2,2,3,69.4387
1,7,2,2,3,670.367
1,8,2,2,3,21.9154
1,9,2,2,3,0
1,2,2,2,4,39.9249
1,3,2,2,4,102.57
1,4,2,2,4,0
1,5,2,2,4,0
1,6,2,2,4,0
1,7,2,2,4,95.7355
1,8,2,2,4,0
1,9,2,2,4,0
2,1,2,1,1,292.572
2,3,2,1,1,49.3632
2,4,2,1,1,32.9503
2,5,2,1,1,34.8003
2,6,2,1,1,0
2,7,2,1,1,149.03
2,8,2,1,1,0
2,9,2,1,1,0
2,1,2,1,2,374.653
2,3,2,1,2,85.7479
2,4,2,1,2,33.9035
2,5,2,1,2,152.708
2,6,2,1,2,17.5984
2,7,2,1,2,319.097
2,8,2,1,2,0
2,9,2,1,2,36.3784
2,1,2,1,3,370.68
2,3,2,1,3,89.7347
2,4,2,1,3,94.435
2,5,2,1,3,36.8933
2,6,2,1,3,8.92025
2,7,2,1,3,148.51
2,8,2,1,3,0
2,9,2,1,3,32.2981
2,1,2,1,4,49.5896
2,3,2,1,4,9.70926
2,4,2,1,4,0
2,5,2,1,4,0
2,6,2,1,4,0
2,7,2,1,4,0
2,8,2,1,4,0
2,9,2,1,4,0
2,1,2,2,1,240.787
2,3,2,2,1,0
2,4,2,2,1,48.5009
2,5,2,2,1,25.3091
2,6,2,2,1,0
2,7,2,2,1,89.155
2,8,2,2,1,0
2,9,2,2,1,0
2,1,2,2,2,631.819
2,3,2,2,2,74.1735
2,4,2,2,2,0
2,5,2,2,2,34.8549
2,6,2,2,2,14.2278
2,7,2,2,2,128.259
2,8,2,2,2,0
2,9,2,2,2,0
2,1,2,2,3,407.526
2,3,2,2,3,68.5748
2,4,2,2,3,28.4267
2,5,2,2,3,61.0999
2,6,2,2,3,0
2,7,2,2,3,137.125
2,8,2,2,3,0
2,9,2,2,3,0
2,1,2,2,4,50.7054
2,3,2,2,4,0
2,4,2,2,4,0
2,5,2,2,4,0
2,6,2,2,4,0
2,7,2,2,4,0
2,8,2,2,4,0
2,9,2,2,4,26.9791
3,1,2,1,1,462.455
3,2,2,1,1,27.1253
3,4,2,1,1,71.4083
3,5,2,1,1,12.6462
3,6,2,1,1,45.9651
3,7,2,1,1,70.2619
3,8,2,1,1,0
3,9,2,1,1,0
3,1,2,1,2,773.421
3,2,2,1,2,97.8044
3,4,2,1,2,224.856
3,5,2,1,2,0
3,6,2,1,2,139.971
3,7,2,1,2,183.3
3,8,2,1,2,16.6645
3,9,2,1,2,0
3,1,2,1,3,858.606
3,2,2,1,3,33.4809
3,4,2,1,3,100.722
3,5,2,1,3,13.2342
3,6,2,1,3,40.8377
3,7,2,1,3,187.844
3,8,2,1,3,28.7227
3,9,2,1,3,16.5039
3,1,2,1,4,49.6034
3,2,2,1,4,0
3,4,2,1,4,18.2435
3,5,2,1,4,0
3,6,2,1,4,0
3,7,2,1,4,9.78557
3,8,2,1,4,11.8473
3,9,2,1,4,0
3,1,2,2,1,405.979
3,2,2,2,1,76.2105
3,4,2,2,1,25.815
3,5,2,2,1,0
3,6,2,2,1,24.2484
3,7,2,2,1,60.2453
3,8,2,2,1,47.9683
3,9,2,2,1,0
3,1,2,2,2,1068.76
3,2,2,2,2,65.2097
3,4,2,2,2,107.028
3,5,2,2,2,13.1342
3,6,2,2,2,140.198
3,7,2,2,2,260.929
3,8,2,2,2,18.5291
3,9,2,2,2,0
3,1,2,2,3,591.938
3,2,2,2,3,31.4336
3,4,2,2,3,133.136
3,5,2,2,3,13.2166
3,6,2,2,3,92.7504
3,7,2,2,3,175.618
3,8,2,2,3,45.2372
3,9,2,2,3,3.11831
3,1,2,2,4,52.8332
3,2,2,2,4,0
3,4,2,2,4,0
3,5,2,2,4,20.5804
3,6,2,2,4,32.248
3,7,2,2,4,85.1707
3,8,2,2,4,0
3,9,2,2,4,0
4,1,2,1,1,33.0545
4,2,2,1,1,31.6485
4,3,2,1,1,21.2021
4,5,2,1,1,20.636
4,6,2,1,1,0
4,7,2,1,1,74.2008
4,8,2,1,1,0
4,9,2,1,1,0
4,1,2,1,2,51.0069
4,2,2,1,2,43.9096
4,3,2,1,2,206.121
4,5,2,1,2,21.0965
4,6,2,1,2,42.1991
4,7,2,1,2,149.695
4,8,2,1,2,0
4,9,2,1,2,0
4,1,2,1,3,0
4,2,2,1,3,100.968
4,3,2,1,3,81.5519
4,5,2,1,3,0
4,6,2,1,3,92.0426
4,7,2,1,3,31.5172
4,8,2,1,3,0
4,9,2,1,3,17.1412
4,1,2,1,4,8.59905
4,2,2,1,4,11.5455
4,3,2,1,4,0
4,5,2,1,4,0
4,6,2,1,4,0
4,7,2,1,4,0
4,8,2,1,4,0
4,9,2,1,4,0
4,1,2,2,1,23.8116
4,2,2,2,1,0
4,3,2,2,1,10.4927
4,5,2,2,1,12.5031
4,6,2,2,1,21.3713
4,7,2,2,1,26.0072
4,8,2,2,1,0
4,9,2,2,1,0
4,1,2,2,2,122.409
4,2,2,2,2,0
4,3,2,2,2,128.924
4,5,2,2,2,47.0621
4,6,2,2,2,134.166
4,7,2,2,2,74.9642
4,8,2,2,2,0
4,9,2,2,2,0
4,1,2,2,3,44.3677
4,2,2,2,3,16.7467
4,3,2,2,3,96.6329
4,5,2,2,3,0
4,6,2,2,3,29.7696
4,7,2,2,3,53.4253
4,8,2,2,3,0
4,9,2,2,3,0
4,1,2,2,4,0
4,2,2,2,4,24.361
4,3,2,2,4,0
4,5,2,2,4,0
4,6,2,2,4,0
4,7,2,2,4,10.2162
4,8,2,2,4,0
4,9,2,2,4,0
5,1,2,1,1,3.4101
5,2,2,1,1,98.5995
5,3,2,1,1,0
5,4,2,1,1,0
5,6,2,1,1,0
5,7,2,1,1,112.849
5,8,2,1,1,0
5,9,2,1,1,0
5,1,2,1,2,114.048
5,2,2,1,2,71.1772
5,3,2,1,2,15.086
5,4,2,1,2,0
5,6,2,1,2,0
5,7,2,1,2,158.725
5,8,2,1,2,0
5,9,2,1,2,0
5,1,2,1,3,60.9741
5,2,2,1,3,105.377
5,3,2,1,3,19.2107
5,4,2,1,3,0
5,6,2,1,3,35.7664
5,7,2,1,3,101.872
5,8,2,1,3,0
5,9,2,1,3,0
5,1,2,1,4,0
5,2,2,1,4,0
5,3,2,1,4,0
5,4,2,1,4,0
5,6,2,1,4,0
5,7,2,1,4,0
5,8,2,1,4,0
5,9,2,1,4,0
5,1,2,2,1,0
5,2,2,2,1,42.4757
5,3,2,2,1,0
5,4,2,2,1,0
5,6,2,2,1,0
5,7,2,2,1,107.972
5,8,2,2,1,0
5,9,2,2,1,0
5,1,2,2,2,61.9225
5,2,2,2,2,56.4533
5,3,2,2,2,0
5,4,2,2,2,27.7476
5,6,2,2,2,0
5,7,2,2,2,145.802
5,8,2,2,2,0
5,9,2,2,2,0
5,1,2,2,3,75.3563
5,2,2,2,3,76.7639
5,3,2,2,3,28.9893
5,4,2,2,3,18.1737
5,6,2,2,3,0
5,7,2,2,3,174.224
5,8,2,2,3,0
5,9,2,2,3,0
5,1,2,2,4,17.2654
5,2,2,2,4,0
5,3,2,2,4,0
5,4,2,2,4,0
5,6,2,2,4,0
5,7,2,2,4,0
5,8,2,2,4,0
5,9,2,2,4,0
6,1,2,1,1,0
6,2,2,1,1,27.2913
6,3,2,1,1,43.5697
6,4,2,1,1,27.6638
6,5,2,1,1,13.2429
6,7,2,1,1,44.0187
6,8,2,1,1,0
6,9,2,1,1,0
6,1,2,1,2,118.234
6,2,2,1,2,15.6267
6,3,2,1,2,161.559
6,4,2,1,2,34.3752
6,5,2,1,2,0
6,7,2,1,2,124.126
6,8,2,1,2,0
6,9,2,1,2,46.6147
6,1,2,1,3,31.0275
6,2,2,1,3,22.4705
6,3,2,1,3,64.9998
6,4,2,1,3,57.3862
6,5,2,1,3,0
6,7,2,1,3,124.739
6,8,2,1,3,0
6,9,2,1,3,49.9072
6,1,2,1,4,0
6,2,2,1,4,0
6,3,2,1,4,0
6,4,2,1,4,0
6,5,2,1,4,0
6,7,2,1,4,14.2347
6,8,2,1,4,0
6,9,2,1,4,0
6,1,2,2,1,30.1206
6,2,2,2,1,0
6,3,2,2,1,101.363
6,4,2,2,1,13.6371
6,5,2,2,1,14.886
6,7,2,2,1,66.5447
6,8,2,2,1,0
6,9,2,2,1,0
6,1,2,2,2,29.8382
6,2,2,2,2,0
6,3,2,2,2,168.417
6,4,2,2,2,101.018
6,5,2,2,2,15.8151
6,7,2,2,2,69.23
6,8,2,2,2,0
6,9,2,2,2,0
6,1,2,2,3,39.7436
6,2,2,2,3,0
6,3,2,2,3,20.9783
6,4,2,2,3,17.6462
6,5,2,2,3,0
6,7,2,2,3,165.587
6,8,2,2,3,0
6,9,2,2,3,0
6,1,2,2,4,12.5026
6,2,2,2,4,0
6,3,2,2,4,0
6,4,2,2,4,0
6,5,2,2,4,0
6,7,2,2,4,13.2666
6,8,2,2,4,0
6,9,2,2,4,0
7,1,2,1,1,130.481
7,2,2,1,1,41.2801
7,3,2,1,1,12.1777
7,4,2,1,1,11.6982
7,5,2,1,1,284.465
7,6,2,1,1,113.979
7,8,2,1,1,47.4381
7,9,2,1,1,59.2958
7,1,2,1,2,357.798
7,2,2,1,2,361.842
7,3,2,1,2,184.217
7,4,2,1,2,99.4566
7,5,2,1,2,338.767
7,6,2,1,2,131.289
7,8,2,1,2,49.7051
7,9,2,1,2,193.814
7,1,2,1,3,292.936
7,2,2,1,3,130.478
7,3,2,1,3,65.5029
7,4,2,1,3,77.5122
7,5,2,1,3,140.052
7,6,2,1,3,38.5627
7,8,2,1,3,14.7227
7,9,2,1,3,23.4682
7,1,2,1,4,0
7,2,2,1,4,0
7,3,2,1,4,0
7,4,2,1,4,11.5436
7,5,2,1,4,12.3197
7,6,2,1,4,10.1966
7,8,2,1,4,0
7,9,2,1,4,0
7,1,2,2,1,159.596
7,2,2,2,1,35.3575
7,3,2,2,1,49.4981
7,4,2,2,1,66.0164
7,5,2,2,1,106.139
7,6,2,2,1,7.59479
7,8,2,2,1,0
7,9,2,2,1,94.6197
7,1,2,2,2,250.062
7,2,2,2,2,143.802
7,3,2,2,2,205.707
7,4,2,2,2,119.683
7,5,2,2,2,144.66
7,6,2,2,2,169.304
7,8,2,2,2,53.271
7,9,2,2,2,59.5764
7,1,2,2,3,284.19
7,2,2,2,3,56.8728
7,3,2,2,3,52.0684
7,4,2,2,3,16.4874
7,5,2,2,3,393.389
7,6,2,2,3,58.3047
7,8,2,2,3,33.4673
7,9,2,2,3,40.511
7,1,2,2,4,38.0345
7,2,2,2,4,0
7,3,2,2,4,16.9641
7,4,2,2,4,30.5176
7,5,2,2,4,28.5519
7,6,2,2,4,18.747
7,8,2,2,4,0
7,9,2,2,4,17.6795
8,1,2,1,1,0
8,2,2,1,1,0
8,3,2,1,1,0
8,4,2,1,1,0
8,5,2,1,1,13.2968
8,6,2,1,1,0
8,7,2,1,1,44.9962
8,9,2,1,1,0
8,1,2,1,2,85.8074
8,2,2,1,2,0
8,3,2,1,2,16.0527
8,4,2,1,2,18.7257
8,5,2,1,2,14.4337
8,6,2,1,2,0
8,7,2,1,2,67.9352
8,9,2,1,2,0
8,1,2,1,3,79.7942
8,2,2,1,3,70.7005
8,3,2,1,3,0
8,4,2,1,3,0
8,5,2,1,3,141.122
8,6,2,1,3,0
8,7,2,1,3,48.5258
8,9,2,1,3,0
8,1,2,1,4,0
8,2,2,1,4,0
8,3,2,1,4,0
8,4,2,1,4,0
8,5,2,1,4,4.17938
8,6,2,1,4,0
8,7,2,1,4,0
8,9,2,1,4,0
8,1,2,2,1,84.9841
8,2,2,2,1,31.365
8,3,2,2,1,0
8,4,2,2,1,0
8,5,2,2,1,0
8,6,2,2,1,0
8,7,2,2,1,52.9688
8,9,2,2,1,0
8,1,2,2,2,0
8,2,2,2,2,76.225
8,3,2,2,2,16.6634
8,4,2,2,2,13.8329
8,5,2,2,2,28.9868
8,6,2,2,2,0
8,7,2,2,2,208.54
8,9,2,2,2,20.8103
8,1,2,2,3,80.0178
8,2,2,2,3,40.1782
8,3,2,2,3,0
8,4,2,2,3,0
8,5,2,2,3,0
8,6,2,2,3,0
8,7,2,2,3,52.6527
8,9,2,2,3,0
8,1,2,2,4,0
8,2,2,2,4,0
8,3,2,2,4,16.2386
8,4,2,2,4,0
8,5,2,2,4,0
8,6,2,2,4,0
8,7,2,2,4,0
8,9,2,2,4,0
9,1,2,1,1,0
9,2,2,1,1,0
9,3,2,1,1,24.7475
9,4,2,1,1,0
9,5,2,1,1,0
9,6,2,1,1,0
9,7,2,1,1,24.9618
9,8,2,1,1,0
9,1,2,1,2,99.751
9,2,2,1,2,17.2284
9,3,2,1,2,0
9,4,2,1,2,0
9,5,2,1,2,51.628
9,6,2,1,2,50.9056
9,7,2,1,2,118.86
9,8,2,1,2,0
9,1,2,1,3,0
9,2,2,1,3,0
9,3,2,1,3,28.4648
9,4,2,1,3,13.9831
9,5,2,1,3,0
9,6,2,1,3,0
9,7,2,1,3,75.7043
9,8,2,1,3,14.7429
9,1,2,1,4,0
9,2,2,1,4,0
9,3,2,1,4,0
9,4,2,1,4,0
9,5,2,1,4,0
9,6,2,1,4,0
9,7,2,1,4,0
9,8,2,1,4,0
9,1,2,2,1,15.1615
9,2,2,2,1,12.4059
9,3,2,2,1,47.0424
9,4,2,2,1,0
9,5,2,2,1,12.9362
9,6,2,2,1,0
9,7,2,2,1,35.481
9,8,2,2,1,0
9,1,2,2,2,57.6172
9,2,2,2,2,0
9,3,2,2,2,91.7084
9,4,2,2,2,19.4056
9,5,2,2,2,0
9,6,2,2,2,0
9,7,2,2,2,36.1183
9,8,2,2,2,0
9,1,2,2,3,0
9,2,2,2,3,0
9,3,2,2,3,0
9,4,2,2,3,0
9,5,2,2,3,0
9,6,2,2,3,0
9,7,2,2,3,17.5799
9,8,2,2,3,0
9,1,2,2,4,12.5239
9,2,2,2,4,0
9,3,2,2,4,14.0214
9,4,2,2,4,0
9,5,2,2,4,0
9,6,2,2,4,0
9,7,2,2,4,14.7467
9,8,2,2,4,0
1,2,3,1,1,9.48065
1,3,3,1,1,0
1,4,3,1,1,0
1,5,3,1,1,0
1,6,3,1,1,0
1,7,3,1,1,26.9798
1,8,3,1,1,0
1,9,3,1,1,0
1,2,3,1,2,39.6925
1,3,3,1,2,26.6494
1,4,3,1,2,654.414
1,5,3,1,2,169.323
1,6,3,1,2,0
1,7,3,1,2,414.641
1,8,3,1,2,0
1,9,3,1,2,0
1,2,3,1,3,25.3947
1,3,3,1,3,0
1,4,3,1,3,251.825
1,5,3,1,3,223.9
1,6,3,1,3,0
1,7,3,1,3,152.683
1,8,3,1,3,24.8101
1,9,3,1,3,25.7526
1,2,3,1,4,0
1,3,3,1,4,0
1,4,3,1,4,0
1,5,3,1,4,0
1,6,3,1,4,0
1,7,3,1,4,38.5023
1,8,3,1,4,0
1,9,3,1,4,0
1,2,3,2,1,133.794
1,3,3,2,1,0
1,4,3,2,1,0
1,5,3,2,1,0
1,6,3,2,1,0
1,7,3,2,1,0
1,8,3,2,1,0
1,9,3,2,1,0
1,2,3,2,2,0
1,3,3,2,2,0
1,4,3,2,2,310.642
1,5,3,2,2,156.674
1,6,3,2,2,0
1,7,3,2,2,103.379
1,8,3,2,2,0
1,9,3,2,2,0
1,2,3,2,3,37.166
1,3,3,2,3,0
1,4,3,2,3,234.051
1,5,3,2,3,114.623
1,6,3,2,3,0
1,7,3,2,3,441.055
1,8,3,2,3,23.2517
1,9,3,2,3,0
1,2,3,2,4,0
1,3,3,2,4,0
1,4,3,2,4,228.006
1,5,3,2,4,18.3512
1,6,3,2,4,0
1,7,3,2,4,0
1,8,3,2,4,0
1,9,3,2,4,0
2,1,3,1,1,0
2,3,3,1,1,0
2,4,3,1,1,0
2,5,3,1,1,18.7212
2,6,3,1,1,0
2,7,3,1,1,0
2,8,3,1,1,0
2,9,3,1,1,0
2,1,3,1,2,51.2616
2,3,3,1,2,0
2,4,3,1,2,22.5843
2,5,3,1,2,248.919
2,6,3,1,2,0
2,7,3,1,2,126.565
2,8,3,1,2,0
2,9,3,1,2,0
2,1,3,1,3,11.6128
2,3,3,1,3,0
2,4,3,1,3,0
2,5,3,1,3,101.965
2,6,3,1,3,0
2,7,3,1,3,35.3815
2,8,3,1,3,0
2,9,3,1,3,0
2,1,3,1,4,0
2,3,3,1,4,0
2,4,3,1,4,0
2,5,3,1,4,0
2,6,3,1,4,0
2,7,3,1,4,0
2,8,3,1,4,0
2,9,3,1,4,0
2,1,3,2,1,0
2,3,3,2,1,0
2,4,3,2,1,0
2,5,3,2,1,61.553
2,6,3,2,1,0
2,7,3,2,1,0
2,8,3,2,1,0
2,9,3,2,1,0
2,1,3,2,2,0
2,3,3,2,2,0
2,4,3,2,2,0
2,5,3,2,2,377.732
2,6,3,2,2,0
2,7,3,2,2,57.8046
2,8,3,2,2,0
2,9,3,2,2,0
2,1,3,2,3,18.8196
2,3,3,2,3,0
2,4,3,2,3,0
2,5,3,2,3,38.4364
2,6,3,2,3,0
2,7,3,2,3,20.5646
2,8,3,2,3,0
2,9,3,2,3,0
2,1,3,2,4,0
2,3,3,2,4,0
2,4,3,2,4,0
2,5,3,2,4,0
2,6,3,2,4,0
2,7,3,2,4,0
2,8,3,2,4,0
2,9,3,2,4,0
3,1,3,1,1,0
3,2,3,1,1,0
3,4,3,1,1,0
3,5,3,1,1,0
3,6,3,1,1,0
3,7,3,1,1,0
3,8,3,1,1,0
3,9,3,1,1,0
3,1,3,1,2,25.5865
3,2,3,1,2,19.2977
3,4,3,1,2,19.1182
3,5,3,1,2,5.55365
3,6,3,1,2,46.8377
3,7,3,1,2,0
3,8,3,1,2,12.8034
3,9,3,1,2,0
3,1,3,1,3,0
3,2,3,1,3,0
3,4,3,1,3,0
3,5,3,1,3,4.25469
3,6,3,1,3,14.9305
3,7,3,1,3,19.737
3,8,3,1,3,0
3,9,3,1,3,0
3,1,3,1,4,0
3,2,3,1,4,0
3,4,3,1,4,0
3,5,3,1,4,0
3,6,3,1,4,7.39628
3,7,3,1,4,0
3,8,3,1,4,0
3,9,3,1,4,0
3,1,3,2,1,0
3,2,3,2,1,0
3,4,3,2,1,0
3,5,3,2,1,0
3,6,3,2,1,0
3,7,3,2,1,0
3,8,3,2,1,0
3,9,3,2,1,0
3,1,3,2,2,0
3,2,3,2,2,0
3,4,3,2,2,0
3,5,3,2,2,16.4061
3,6,3,2,2,0
3,7,3,2,2,0
3,8,3,2,2,0
3,9,3,2,2,0
3,1,3,2,3,0
3,2,3,2,3,0
3,4,3,2,3,0
3,5,3,2,3,10.3008
3,6,3,2,3,0
3,7,3,2,3,0
3,8,3,2,3,0
3,9,3,2,3,0
3,1,3,2,4,0
3,2,3,2,4,0
3,4,3,2,4,0
3,5,3,2,4,0
3,6,3,2,4,0
3,7,3,2,4,0
3,8,3,2,4,0
3,9,3,2,4,0
4,1,3,1,1,0
4,2,3,1,1,20.4959
4,3,3,1,1,0
4,5,3,1,1,0
4,6,3,1,1,0
4,7,3,1,1,0
4,8,3,1,1,0
4,9,3,1,1,0
4,1,3,1,2,0
4,2,3,1,2,0
4,3,3,1,2,0
4,5,3,1,2,0
4,6,3,1,2,0
4,7,3,1,2,120.978
4,8,3,1,2,0
4,9,3,1,2,0
4,1,3,1,3,31.149
4,2,3,1,3,15.9711
4,3,3,1,3,14.696
4,5,3,1,3,0
4,6,3,1,3,0
4,7,3,1,3,0
4,8,3,1,3,0
4,9,3,1,3,0
4,1,3,1,4,0
4,2,3,1,4,0
4,3,3,1,4,0
4,5,3,1,4,0
4,6,3,1,4,0
4,7,3,1,4,0
4,8,3,1,4,0
4,9,3,1,4,0
4,1,3,2,1,45.3833
4,2,3,2,1,0
4,3,3,2,1,0
4,5,3,2,1,0
4,6,3,2,1,0
4,7,3,2,1,0
4,8,3,2,1,0
4,9,3,2,1,0
4,1,3,2,2,39.8446
4,2,3,2,2,0
4,3,3,2,2,22.2828
4,5,3,2,2,72.8156
4,6,3,2,2,0
4,7,3,2,2,21.2884
4,8,3,2,2,0
4,9,3,2,2,0
4,1,3,2,3,0
4,2,3,2,3,0
4,3,3,2,3,0
4,5,3,2,3,0
4,6,3,2,3,0
4,7,3,2,3,0
4,8,3,2,3,13.6094
4,9,3,2,3,0
4,1,3,2,4,0
4,2,3,2,4,0
4,3,3,2,4,0
4,5,3,2,4,0
4,6,3,2,4,0
4,7,3,2,4,0
4,8,3,2,4,0
4,9,3,2,4,0
5,1,3,1,1,0
5,2,3,1,1,29.7932
5,3,3,1,1,0
5,4,3,1,1,50.2117
5,6,3,1,1,0
5,7,3,1,1,186.103
5,8,3,1,1,52.0156
5,9,3,1,1,40.6106
5,1,3,1,2,21.5783
5,2,3,1,2,42.3387
5,3,3,1,2,0
5,4,3,1,2,0
5,6,3,1,2,0
5,7,3,1,2,313.125
5,8,3,1,2,0
5,9,3,1,2,0
5,1,3,1,3,49.108
5,2,3,1,3,19.1421
5,3,3,1,3,2.58139
5,4,3,1,3,37.1778
5,6,3,1,3,0
5,7,3,1,3,123.726
5,8,3,1,3,21.5251
5,9,3,1,3,0
5,1,3,1,4,2.71663
5,2,3,1,4,0
5,3,3,1,4,0
5,4,3,1,4,0
5,6,3,1,4,0
5,7,3,1,4,44.8213
5,8,3,1,4,0
5,9,3,1,4,0
5,1,3,2,1,0
5,2,3,2,1,31.5331
5,3,3,2,1,0
5,4,3,2,1,53.7583
5,6,3,2,1,0
5,7,3,2,1,0
5,8,3,2,1,31.2708
5,9,3,2,1,44.8224
5,1,3,2,2,49.1274
5,2,3,2,2,29.4389
5,3,3,2,2,22.3999
5,4,3,2,2,29.2073
5,6,3,2,2,0
5,7,3,2,2,397.452
5,8,3,2,2,22.7753
5,9,3,2,2,0
5,1,3,2,3,0
5,2,3,2,3,19.793
5,3,3,2,3,0
5,4,3,2,3,28.7038
5,6,3,2,3,0
5,7,3,2,3,358.235
5,8,3,2,3,22.3359
5,9,3,2,3,27.9337
5,1,3,2,4,0
5,2,3,2,4,15.1693
5,3,3,2,4,35.7032
5,4,3,2,4,0
5,6,3,2,4,0
5,7,3,2,4,15.4815
5,8,3,2,4,0
5,9,3,2,4,0
6,1,3,1,1,0
6,2,3,1,1,0
6,3,3,1,1,0
6,4,3,1,1,15.3178
6,5,3,1,1,0
6,7,3,1,1,41.4426
6,8,3,1,1,0
6,9,3,1,1,0
6,1,3,1,2,18.6807
6,2,3,1,2,0
6,3,3,1,2,21.1458
6,4,3,1,2,0
6,5,3,1,2,21.3539
6,7,3,1,2,261.309
6,8,3,1,2,0
6,9,3,1,2,113.121
6,1,3,1,3,0
6,2,3,1,3,0
6,3,3,1,3,0
6,4,3,1,3,10.6387
6,5,3,1,3,14.0297
6,7,3,1,3,55.9506
6,8,3,1,3,0
6,9,3,1,3,89.3803
6,1,3,1,4,0
6,2,3,1,4,0
6,3,3,1,4,0
6,4,3,1,4,0
6,5,3,1,4,0
6,7,3,1,4,0
6,8,3,1,4,0
6,9,3,1,4,0
6,1,3,2,1,0
6,2,3,2,1,0
6,3,3,2,1,0
6,4,3,2,1,0
6,5,3,2,1,0
6,7,3,2,1,0
6,8,3,2,1,0
6,9,3,2,1,0
6,1,3,2,2,53.9915
6,2,3,2,2,0
6,3,3,2,2,0
6,4,3,2,2,0
6,5,3,2,2,20.2213
6,7,3,2,2,47.2002
6,8,3,2,2,0
6,9,3,2,2,0
6,1,3,2,3,0
6,2,3,2,3,0
6,3,3,2,3,0
6,4,3,2,3,0
6,5,3,2,3,0
6,7,3,2,3,33.3933
6,8,3,2,3,0
6,9,3,2,3,0
6,1,3,2,4,0
6,2,3,2,4,0
6,3,3,2,4,0
6,4,3,2,4,0
6,5,3,2,4,0
6,7,3,2,4,0
6,8,3,2,4,0
6,9,3,2,4,0
7,1,3,1,1,30.7972
7,2,3,1,1,0
7,3,3,1,1,0
7,4,3,1,1,17.3524
7,5,3,1,1,119.401
7,6,3,1,1,66.7697
7,8,3,1,1,51.8487
7,9,3,1,1,51.2545
7,1,3,1,2,73.25
7,2,3,1,2,48.558
7,3,3,1,2,0
7,4,3,1,2,84.0534
7,5,3,1,2,1715.3
7,6,3,1,2,158.537
7,8,3,1,2,47.7882
7,9,3,1,2,0
7,1,3,1,3,107.761
7,2,3,1,3,88.5798
7,3,3,1,3,0
7,4,3,1,3,25.9422
7,5,3,1,3,1033.03
7,6,3,1,3,63.7216
7,8,3,1,3,51.9449
7,9,3,1,3,97.0454
7,1,3,1,4,0
7,2,3,1,4,0
7,3,3,1,4,0
7,4,3,1,4,0
7,5,3,1,4,112.656
7,6,3,1,4,0
7,8,3,1,4,0
7,9,3,1,4,0
7,1,3,2,1,0
7,2,3,2,1,122.352
7,3,3,2,1,0
7,4,3,2,1,17.9065
7,5,3,2,1,504.93
7,6,3,2,1,37.0537
7,8,3,2,1,24.1596
7,9,3,2,1,0
7,1,3,2,2,24.5739
7,2,3,2,2,0
7,3,3,2,2,0
7,4,3,2,2,75.553
7,5,3,2,2,1801.46
7,6,3,2,2,143.494
7,8,3,2,2,240.386
7,9,3,2,2,64.6294
7,1,3,2,3,23.5908
7,2,3,2,3,130.908
7,3,3,2,3,0
7,4,3,2,3,0
7,5,3,2,3,1062.65
7,6,3,2,3,32.4403
7,8,3,2,3,24.7128
7,9,3,2,3,41.7435
7,1,3,2,4,0
7,2,3,2,4,62.9834
7,3,3,2,4,0
7,4,3,2,4,0
7,5,3,2,4,359.821
7,6,3,2,4,0
7,8,3,2,4,44.9621
7,9,3,2,4,0
8,1,3,1,1,0
8,2,3,1,1,0
8,3,3,1,1,0
8,4,3,1,1,22.909
8,5,3,1,1,0
8,6,3,1,1,0
8,7,3,1,1,21.8229
8,9,3,1,1,0
8,1,3,1,2,0
8,2,3,1,2,186.793
8,3,3,1,2,0
8,4,3,1,2,0
8,5,3,1,2,75.9143
8,6,3,1,2,0
8,7,3,1,2,100.716
8,9,3,1,2,0
8,1,3,1,3,0
8,2,3,1,3,0
8,3,3,1,3,0
8,4,3,1,3,23.6105
8,5,3,1,3,0
8,6,3,1,3,0
8,7,3,1,3,32.5112
8,9,3,1,3,0
8,1,3,1,4,0
8,2,3,1,4,0
8,3,3,1,4,0
8,4,3,1,4,0
8,5,3,1,4,0
8,6,3,1,4,0
8,7,3,1,4,0
8,9,3,1,4,0
8,1,3,2,1,18.4602
8,2,3,2,1,159.441
8,3,3,2,1,0
8,4,3,2,1,24.9734
8,5,3,2,1,0
8,6,3,2,1,0
8,7,3,2,1,0
8,9,3,2,1,0
8,1,3,2,2,0
8,2,3,2,2,0
8,3,3,2,2,28.0185
8,4,3,2,2,33.6859
8,5,3,2,2,116.181
8,6,3,2,2,0
8,7,3,2,2,106.68
8,9,3,2,2,21.4971
8,1,3,2,3,15.3917
8,2,3,2,3,0
8,3,3,2,3,0
8,4,3,2,3,22.0881
8,5,3,2,3,40.8496
8,6,3,2,3,0
8,7,3,2,3,19.1236
8,9,3,2,3,0
8,1,3,2,4,0
8,2,3,2,4,0
8,3,3,2,4,0
8,4,3,2,4,0
8,5,3,2,4,21.2778
8,6,3,2,4,0
8,7,3,2,4,0
8,9,3,2,4,0
9,1,3,1,1,0
9,2,3,1,1,0
9,3,3,1,1,0
9,4,3,1,1,7.26519
9,5,3,1,1,40.8413
9,6,3,1,1,0
9,7,3,1,1,0
9,8,3,1,1,0
9,1,3,1,2,0
9,2,3,1,2,0
9,3,3,1,2,0
9,4,3,1,2,9.61138
9,5,3,1,2,97.2799
9,6,3,1,2,22.9681
9,7,3,1,2,73.313
9,8,3,1,2,25.3917
9,1,3,1,3,0
9,2,3,1,3,0
9,3,3,1,3,0
9,4,3,1,3,0
9,5,3,1,3,33.8135
9,6,3,1,3,0
9,7,3,1,3,100.141
9,8,3,1,3,0
9,1,3,1,4,0
9,2,3,1,4,0
9,3,3,1,4,0
9,4,3,1,4,0
9,5,3,1,4,0
9,6,3,1,4,0
9,7,3,1,4,9.10976
9,8,3,1,4,0
9,1,3,2,1,0
9,2,3,2,1,0
9,3,3,2,1,0
9,4,3,2,1,0
9,5,3,2,1,0
9,6,3,2,1,30.6323
9,7,3,2,1,0
9,8,3,2,1,18.896
9,1,3,2,2,0
9,2,3,2,2,0
9,3,3,2,2,0
9,4,3,2,2,0
9,5,3,2,2,28.6743
9,6,3,2,2,27.7339
9,7,3,2,2,26.1524
9,8,3,2,2,0
9,1,3,2,3,0
9,2,3,2,3,0
9,3,3,2,3,0
9,4,3,2,3,0
9,5,3,2,3,0
9,6,3,2,3,0
9,7,3,2,3,0
9,8,3,2,3,0
9,1,3,2,4,0
9,2,3,2,4,0
9,3,3,2,4,0
9,4,3,2,4,0
9,5,3,2,4,0
9,6,3,2,4,0
9,7,3,2,4,0
9,8,3,2,4,0
1,2,4,1,1,261.738
1,3,4,1,1,122.4
1,4,4,1,1,228.572
1,5,4,1,1,155.173
1,6,4,1,1,105.727
1,7,4,1,1,1759.39
1,8,4,1,1,133.993
1,9,4,1,1,0
1,2,4,1,2,939.873
1,3,4,1,2,463.576
1,4,4,1,2,540.524
1,5,4,1,2,1355.58
1,6,4,1,2,319.768
1,7,4,1,2,2721.53
1,8,4,1,2,728.686
1,9,4,1,2,64.0368
1,2,4,1,3,685.715
1,3,4,1,3,225.119
1,4,4,1,3,423.045
1,5,4,1,3,851.026
1,6,4,1,3,205.807
1,7,4,1,3,3803.14
1,8,4,1,3,244.798
1,9,4,1,3,323.572
1,2,4,1,4,396.676
1,3,4,1,4,381.646
1,4,4,1,4,250.758
1,5,4,1,4,429.092
1,6,4,1,4,235.329
1,7,4,1,4,2048.13
1,8,4,1,4,364.93
1,9,4,1,4,130.641
1,2,4,2,1,65.1064
1,3,4,2,1,38.5729
1,4,4,2,1,71.1977
1,5,4,2,1,300.335
1,6,4,2,1,100.219
1,7,4,2,1,1750.08
1,8,4,2,1,470.763
1,9,4,2,1,67.4389
1,2,4,2,2,589.569
1,3,4,2,2,274.07
1,4,4,2,2,383.514
1,5,4,2,2,1045.91
1,6,4,2,2,422.926
1,7,4,2,2,3383.1
1,8,4,2,2,642.966
1,9,4,2,2,133.64
1,2,4,2,3,629.116
1,3,4,2,3,347.55
1,4,4,2,3,793.55
1,5,4,2,3,1360.71
1,6,4,2,3,328.186
1,7,4,2,3,3440.85
1,8,4,2,3,247.631
1,9,4,2,3,371.071
1,2,4,2,4,447.117
1,3,4,2,4,245.52
1,4,4,2,4,315.199
1,5,4,2,4,994.334
1,6,4,2,4,305.556
1,7,4,2,4,2661.91
1,8,4,2,4,336.316
1,9,4,2,4,173.268
2,1,4,1,1,119.758
2,3,4,1,1,86.2709
2,4,4,1,1,22.4545
2,5,4,1,1,36.9926
2,6,4,1,1,27.1022
2,7,4,1,1,296.485
2,8,4,1,1,0
2,9,4,1,1,22.4545
2,1,4,1,2,396.837
2,3,4,1,2,72.2481
2,4,4,1,2,295.11
2,5,4,1,2,212.826
2,6,4,1,2,128.745
2,7,4,1,2,954.145
2,8,4,1,2,108.371
2,9,4,1,2,16.8897
2,1,4,1,3,507.345
2,3,4,1,3,48.5365
2,4,4,1,3,191.663
2,5,4,1,3,113.77
2,6,4,1,3,33.8519
2,7,4,1,3,628.262
2,8,4,1,3,41.9868
2,9,4,1,3,0
2,1,4,1,4,182.511
2,3,4,1,4,1.66925
2,4,4,1,4,195.9
2,5,4,1,4,213.552
2,6,4,1,4,0
2,7,4,1,4,355.808
2,8,4,1,4,74.8307
2,9,4,1,4,93.7026
2,1,4,2,1,374.478
2,3,4,2,1,141.617
2,4,4,2,1,0
2,5,4,2,1,205.917
2,6,4,2,1,67.6797
2,7,4,2,1,373.057
2,8,4,2,1,0
2,9,4,2,1,23.6393
2,1,4,2,2,416.452
2,3,4,2,2,82.3462
2,4,4,2,2,157.167
2,5,4,2,2,132.66
2,6,4,2,2,73.723
2,7,4,2,2,1104.42
2,8,4,2,2,52.1983
2,9,4,2,2,17.2227
2,1,4,2,3,422.63
2,3,4,2,3,43.2475
2,4,4,2,3,179.631
2,5,4,2,3,116.781
2,6,4,2,3,63.1544
2,7,4,2,3,602.556
2,8,4,2,3,143.92
2,9,4,2,3,15.5187
2,1,4,2,4,188.612
2,3,4,2,4,0
2,4,4,2,4,162.143
2,5,4,2,4,352.266
2,6,4,2,4,0
2,7,4,2,4,440.681
2,8,4,2,4,0
2,9,4,2,4,107.084
3,1,4,1,1,43.5358
3,2,4,1,1,0
3,4,4,1,1,136.34
3,5,4,1,1,28.6969
3,6,4,1,1,24.2566
3,7,4,1,1,28.313
3,8,4,1,1,13.5306
3,9,4,1,1,39.0029
3,1,4,1,2,232.549
3,2,4,1,2,235.25
3,4,4,1,2,391.644
3,5,4,1,2,49.567
3,6,4,1,2,150.977
3,7,4,1,2,270.887
3,8,4,1,2,47.9946
3,9,4,1,2,38.9423
3,1,4,1,3,50.3857
3,2,4,1,3,18.1556
3,4,4,1,3,148.718
3,5,4,1,3,97.6073
3,6,4,1,3,19.5116
3,7,4,1,3,190.288
3,8,4,1,3,10.7155
3,9,4,1,3,9.34598
3,1,4,1,4,90.9863
3,2,4,1,4,7.92351
3,4,4,1,4,80.3709
3,5,4,1,4,0
3,6,4,1,4,0
3,7,4,1,4,90.4396
3,8,4,1,4,32.0267
3,9,4,1,4,35.9929
3,1,4,2,1,39.4125
3,2,4,2,1,0
3,4,4,2,1,87.5666
3,5,4,2,1,35.7818
3,6,4,2,1,137.51
3,7,4,2,1,108.217
3,8,4,2,1,0
3,9,4,2,1,40.7554
3,1,4,2,2,193.382
3,2,4,2,2,230.468
3,4,4,2,2,558.674
3,5,4,2,2,57.1497
3,6,4,2,2,122.215
3,7,4,2,2,384.628
3,8,4,2,2,44.1588
3,9,4,2,2,27.5924
3,1,4,2,3,266.593
3,2,4,2,3,61.5587
3,4,4,2,3,158.609
3,5,4,2,3,68.8687
3,6,4,2,3,64.2155
3,7,4,2,3,179.563
3,8,4,2,3,30.1299
3,9,4,2,3,49.0986
3,1,4,2,4,174.648
3,2,4,2,4,0
3,4,4,2,4,91.8897
3,5,4,2,4,0
3,6,4,2,4,0
3,7,4,2,4,123.194
3,8,4,2,4,7.20996
3,9,4,2,4,36.7501
4,1,4,1,1,0
4,2,4,1,1,15.946
4,3,4,1,1,114.812
4,5,4,1,1,37.7078
4,6,4,1,1,81.9458
4,7,4,1,1,342.623
4,8,4,1,1,91.899
4,9,4,1,1,0
4,1,4,1,2,365.117
4,2,4,1,2,77.6149
4,3,4,1,2,489.868
4,5,4,1,2,244.466
4,6,4,1,2,229.6
4,7,4,1,2,618.589
4,8,4,1,2,220.248
4,9,4,1,2,113.63
4,1,4,1,3,68.4734
4,2,4,1,3,21.3018
4,3,4,1,3,136.812
4,5,4,1,3,125.629
4,6,4,1,3,180.152
4,7,4,1,3,613.974
4,8,4,1,3,42.7977
4,9,4,1,3,46.8603
4,1,4,1,4,65.3178
4,2,4,1,4,45.1819
4,3,4,1,4,68.0305
4,5,4,1,4,37.6995
4,6,4,1,4,68.3647
4,7,4,1,4,226.024
4,8,4,1,4,47.1919
4,9,4,1,4,29.6955
4,1,4,2,1,20.9745
4,2,4,2,1,0
4,3,4,2,1,89.5885
4,5,4,2,1,54.0113
4,6,4,2,1,35.3585
4,7,4,2,1,118.274
4,8,4,2,1,35.3335
4,9,4,2,1,51.5558
4,1,4,2,2,200.979
4,2,4,2,2,95.9375
4,3,4,2,2,303.691
4,5,4,2,2,284.478
4,6,4,2,2,207.575
4,7,4,2,2,1014.94
4,8,4,2,2,262.141
4,9,4,2,2,79.191
4,1,4,2,3,48.9185
4,2,4,2,3,55.3289
4,3,4,2,3,152.744
4,5,4,2,3,150.484
4,6,4,2,3,300.169
4,7,4,2,3,590.699
4,8,4,2,3,72.9404
4,9,4,2,3,92.4598
4,1,4,2,4,69.7057
4,2,4,2,4,36.0259
4,3,4,2,4,101.781
4,5,4,2,4,47.0176
4,6,4,2,4,145.256
4,7,4,2,4,243.814
4,8,4,2,4,73.1279
4,9,4,2,4,81.3663
5,1,4,1,1,117.59
5,2,4,1,1,40.9739
5,3,4,1,1,0
5,4,4,1,1,201.813
5,6,4,1,1,0
5,7,4,1,1,499.506
5,8,4,1,1,22.3255
5,9,4,1,1,0
5,1,4,1,2,262.676
5,2,4,1,2,98.7122
5,3,4,1,2,34.7412
5,4,4,1,2,161.904
5,6,4,1,2,0
5,7,4,1,2,1318.69
5,8,4,1,2,141.237
5,9,4,1,2,135.2
5,1,4,1,3,125.856
5,2,4,1,3,94.2064
5,3,4,1,3,18.1469
5,4,4,1,3,68.9112
5,6,4,1,3,31.8428
5,7,4,1,3,1071.6
5,8,4,1,3,105.041
5,9,4,1,3,50.0912
5,1,4,1,4,88.6813
5,2,4,1,4,59.5871
5,3,4,1,4,0
5,4,4,1,4,47.6809
5,6,4,1,4,26.5369
5,7,4,1,4,524.545
5,8,4,1,4,59.0449
5,9,4,1,4,0
5,1,4,2,1,170.024
5,2,4,2,1,0
5,3,4,2,1,0
5,4,4,2,1,121.917
5,6,4,2,1,0
5,7,4,2,1,937.835
5,8,4,2,1,29.8754
5,9,4,2,1,36.2379
5,1,4,2,2,389.241
5,2,4,2,2,64.0619
5,3,4,2,2,22.7524
5,4,4,2,2,160.544
5,6,4,2,2,135.653
5,7,4,2,2,1909.07
5,8,4,2,2,172.337
5,9,4,2,2,122.109
5,1,4,2,3,185.274
5,2,4,2,3,86.3784
5,3,4,2,3,18.5027
5,4,4,2,3,84.7927
5,6,4,2,3,19.7665
5,7,4,2,3,1129.77
5,8,4,2,3,84.4868
5,9,4,2,3,62.2428
5,1,4,2,4,128.354
5,2,4,2,4,95.2944
5,3,4,2,4,0
5,4,4,2,4,76.1486
5,6,4,2,4,21.4025
5,7,4,2,4,649.2
5,8,4,2,4,90.4381
5,9,4,2,4,21.1405
6,1,4,1,1,0
6,2,4,1,1,0
6,3,4,1,1,57.9023
6,4,4,1,1,66.5775
6,5,4,1,1,46.6158
6,7,4,1,1,364.373
6,8,4,1,1,54.1902
6,9,4,1,1,85.3869
6,1,4,1,2,119.739
6,2,4,1,2,0
6,3,4,1,2,126.219
6,4,4,1,2,745.342
6,5,4,1,2,0
6,7,4,1,2,1601.29
6,8,4,1,2,176.298
6,9,4,1,2,424.897
6,1,4,1,3,133.212
6,2,4,1,3,70.6516
6,3,4,1,3,141.659
6,4,4,1,3,414.933
6,5,4,1,3,116.763
6,7,4,1,3,1223.81
6,8,4,1,3,62.0577
6,9,4,1,3,189.998
6,1,4,1,4,47.2963
6,2,4,1,4,0
6,3,4,1,4,95.2639
6,4,4,1,4,113.101
6,5,4,1,4,0
6,7,4,1,4,214.913
6,8,4,1,4,13.1365
6,9,4,1,4,69.6431
6,1,4,2,1,0
6,2,4,2,1,0
6,3,4,2,1,197.083
6,4,4,2,1,62.4251
6,5,4,2,1,30.719
6,7,4,2,1,543.58
6,8,4,2,1,85.6202
6,9,4,2,1,114.639
6,1,4,2,2,375.994
6,2,4,2,2,43.6183
6,3,4,2,2,282.756
6,4,4,2,2,490.452
6,5,4,2,2,149.154
6,7,4,2,2,1919.56
6,8,4,2,2,376.479
6,9,4,2,2,543.243
6,1,4,2,3,121.505
6,2,4,2,3,222.064
6,3,4,2,3,81.9115
6,4,4,2,3,445.386
6,5,4,2,3,90.2637
6,7,4,2,3,561.731
6,8,4,2,3,109.826
6,9,4,2,3,293.093
6,1,4,2,4,21.2876
6,2,4,2,4,28.2326
6,3,4,2,4,47.6418
6,4,4,2,4,148.46
6,5,4,2,4,12.8894
6,7,4,2,4,277.093
6,8,4,2,4,52.197
6,9,4,2,4,27.7444
7,1,4,1,1,696.039
7,2,4,1,1,150.743
7,3,4,1,1,48.9149
7,4,4,1,1,323.383
7,5,4,1,1,283.863
7,6,4,1,1,289.152
7,8,4,1,1,195.846
7,9,4,1,1,205.856
7,1,4,1,2,1391.79
7,2,4,1,2,415.402
7,3,4,1,2,264.056
7,4,4,1,2,747.304
7,5,4,1,2,547.851
7,6,4,1,2,1223.77
7,8,4,1,2,1283.99
7,9,4,1,2,764.715
7,1,4,1,3,1120.39
7,2,4,1,3,523.25
7,3,4,1,3,195.928
7,4,4,1,3,739.206
7,5,4,1,3,1057.65
7,6,4,1,3,705.645
7,8,4,1,3,897.131
7,9,4,1,3,562.032
7,1,4,1,4,99.2323
7,2,4,1,4,159.675
7,3,4,1,4,52.0547
7,4,4,1,4,374.528
7,5,4,1,4,574.727
7,6,4,1,4,279.402
7,8,4,1,4,335.946
7,9,4,1,4,214.458
7,1,4,2,1,142.101
7,2,4,2,1,141.191
7,3,4,2,1,74.2018
7,4,4,2,1,291.499
7,5,4,2,1,603.846
7,6,4,2,1,394.061
7,8,4,2,1,392.347
7,9,4,2,1,246.891
7,1,4,2,2,994.925
7,2,4,2,2,423.083
7,3,4,2,2,444.579
7,4,4,2,2,809.858
7,5,4,2,2,1289.59
7,6,4,2,2,1630.28
7,8,4,2,2,1624.85
7,9,4,2,2,836.092
7,1,4,2,3,1252.7
7,2,4,2,3,719.501
7,3,4,2,3,177.961
7,4,4,2,3,631.246
7,5,4,2,3,1147.85
7,6,4,2,3,1253.65
7,8,4,2,3,729.625
7,9,4,2,3,659.243
7,1,4,2,4,217.981
7,2,4,2,4,302.208
7,3,4,2,4,84.6883
7,4,4,2,4,478.455
7,5,4,2,4,712.893
7,6,4,2,4,502.619
7,8,4,2,4,505.601
7,9,4,2,4,343.917
8,1,4,1,1,0
8,2,4,1,1,0
8,3,4,1,1,34.1563
8,4,4,1,1,0
8,5,4,1,1,81.3509
8,6,4,1,1,149.325
8,7,4,1,1,652.101
8,9,4,1,1,127.244
8,1,4,1,2,33.2312
8,2,4,1,2,0
8,3,4,1,2,96.2066
8,4,4,1,2,196.414
8,5,4,1,2,107.894
8,6,4,1,2,395.16
8,7,4,1,2,876.643
8,9,4,1,2,327.903
8,1,4,1,3,48.6049
8,2,4,1,3,108.596
8,3,4,1,3,25.3873
8,4,4,1,3,105.207
8,5,4,1,3,123.005
8,6,4,1,3,294.66
8,7,4,1,3,787.36
8,9,4,1,3,61.4398
8,1,4,1,4,0
8,2,4,1,4,0
8,3,4,1,4,0
8,4,4,1,4,41.7389
8,5,4,1,4,50.5126
8,6,4,1,4,61.3969
8,7,4,1,4,106.601
8,9,4,1,4,0
8,1,4,2,1,0
8,2,4,2,1,0
8,3,4,2,1,32.8859
8,4,4,2,1,0
8,5,4,2,1,159.598
8,6,4,2,1,104.952
8,7,4,2,1,523.512
8,9,4,2,1,40.7138
8,1,4,2,2,101.43
8,2,4,2,2,60.6088
8,3,4,2,2,32.469
8,4,4,2,2,40.3877
8,5,4,2,2,90.4616
8,6,4,2,2,382.377
8,7,4,2,2,1305.35
8,9,4,2,2,362.91
8,1,4,2,3,71.6697
8,2,4,2,3,34.2744
8,3,4,2,3,46.8096
8,4,4,2,3,32.7657
8,5,4,2,3,145.596
8,6,4,2,3,140.457
8,7,4,2,3,538.205
8,9,4,2,3,82.3117
8,1,4,2,4,34.2902
8,2,4,2,4,0
8,3,4,2,4,28.3648
8,4,4,2,4,46.3208
8,5,4,2,4,16.7794
8,6,4,2,4,110.146
8,7,4,2,4,271.222
8,9,4,2,4,43.471
9,1,4,1,1,49.7213
9,2,4,1,1,0
9,3,4,1,1,0
9,4,4,1,1,116.889
9,5,4,1,1,19.6161
9,6,4,1,1,145.781
9,7,4,1,1,413.05
9,8,4,1,1,250.395
9,1,4,1,2,128.77
9,2,4,1,2,8.08317
9,3,4,1,2,172.187
9,4,4,1,2,196.996
9,5,4,1,2,84.0459
9,6,4,1,2,246.698
9,7,4,1,2,387.395
9,8,4,1,2,341.526
9,1,4,1,3,38.7688
9,2,4,1,3,56.9309
9,3,4,1,3,0
9,4,4,1,3,146.361
9,5,4,1,3,39.0531
9,6,4,1,3,361.456
9,7,4,1,3,525.323
9,8,4,1,3,519.074
9,1,4,1,4,0
9,2,4,1,4,0
9,3,4,1,4,0
9,4,4,1,4,37.882
9,5,4,1,4,55.2659
9,6,4,1,4,98.99
9,7,4,1,4,293.288
9,8,4,1,4,87.3044
9,1,4,2,1,54.152
9,2,4,2,1,43.3467
9,3,4,2,1,47.4745
9,4,4,2,1,32.3071
9,5,4,2,1,19.0687
9,6,4,2,1,160.054
9,7,4,2,1,170.959
9,8,4,2,1,139.291
9,1,4,2,2,179.744
9,2,4,2,2,32.2201
9,3,4,2,2,90.6746
9,4,4,2,2,117.385
9,5,4,2,2,82.8959
9,6,4,2,2,363.884
9,7,4,2,2,743.591
9,8,4,2,2,432.192
9,1,4,2,3,14.117
9,2,4,2,3,0
9,3,4,2,3,61.7243
9,4,4,2,3,81.4112
9,5,4,2,3,17.0388
9,6,4,2,3,123.009
9,7,4,2,3,557.055
9,8,4,2,3,260.489
9,1,4,2,4,0
9,2,4,2,4,0
9,3,4,2,4,0
9,4,4,2,4,59.4618
9,5,4,2,4,51.8322
9,6,4,2,4,12.084
9,7,4,2,4,273.716
9,8,4,2,4,69.8212